gene,pos,cid,id,y,aa1,aa2
SCN9A,10,15,2,GOF,Q,R
SCN2A,12,15,3,LOF,D,N
SCN5A,18,22,4,GOF,R,W
SCN5A,27,31,5,LOF,R,H
SCN1A,78,86,8,LOF,E,D
SCN5A,84,89,9,LOF,D,N
SCN2A,82,89,10,LOF,D,G
SCN5A,93,98,11,LOF,F,S
SCN10A,94,100,12,LOF,V,G
SCN4A,104,109,13,LOF,R,H
SCN5A,104,109,14,LOF,R,Q
SCN5A,104,109,15,LOF,R,W
SCN5A,121,126,17,LOF,R,W
SCN5A,124,129,18,LOF,A,D
SCN5A,125,130,19,GOF,V,L
SCN5A,126,131,20,LOF,K,E
SCN5A,136,141,21,LOF,L,P
SCN8A,139,143,22,GOF,M,I
SCN4A,141,146,23,GOF,I,V
SCN9A,136,146,24,GOF,I,V
SCN1A,145,153,25,LOF,M,T
SCN5A,161,170,26,LOF,E,K
SCN10A,158,171,27,GOF,Y,D
SCN5A,175,184,28,LOF,K,N
SCN5A,178,187,29,LOF,A,G
SCN1A,177,189,30,LOF,G,A
SCN1A,177,189,31,LOF,G,E
SCN5A,187,196,32,LOF,T,I
SCN4A,203,212,34,LOF,M,K
SCN2A,208,219,35,GOF,V,E
SCN9A,211,226,37,GOF,S,P
SCN11A,222,229,38,GOF,R,H
SCN9A,216,231,40,GOF,F,S
SCN8A,223,232,41,LOF,R,G
SCN5A,223,233,42,LOF,V,L
SCN4A,225,235,43,LOF,R,W
SCN5A,225,235,44,LOF,R,W
SCN5A,225,235,45,GOF,R,P
SCN5A,226,236,46,LOF,A,V
SCN1A,227,240,48,LOF,I,S
SCN9A,228,243,50,GOF,I,M
SCN2A,236,248,51,GOF,T,S
SCN9A,234,249,52,GOF,I,T
SCN9A,241,256,54,GOF,S,T
SCN10A,242,256,55,GOF,S,T
SCN3A,247,260,56,LOF,L,P
SCN1A,249,262,57,LOF,D,E
SCN1A,259,272,58,LOF,S,R
SCN2A,263,275,59,GOF,A,V
SCN1A,263,276,60,GOF,L,V
SCN8A,269,278,61,LOF,G,R
SCN5A,276,286,64,LOF,L,Q
SCN5A,282,292,65,LOF,R,H
SCN5A,282,292,66,LOF,R,C
SCN1A,297,315,67,LOF,T,I
SCN5A,325,372,68,LOF,L,R
SCN5A,335,382,69,LOF,C,R
SCN5A,336,383,70,LOF,P,L
SCN3A,354,390,71,GOF,K,Q
SCN4A,382,395,73,LOF,P,T
SCN5A,349,396,74,LOF,D,N
SCN5A,353,400,75,LOF,T,I
SCN5A,356,403,76,LOF,D,N
SCN5A,367,414,77,LOF,R,C
SCN2A,379,414,78,LOF,R,H
SCN5A,367,414,79,LOF,R,H
SCN5A,367,414,80,LOF,R,L
SCN5A,369,416,81,LOF,M,K
SCN5A,374,421,82,LOF,W,G
SCN5A,376,423,83,LOF,R,H
SCN8A,374,423,84,GOF,N,K
SCN1A,393,430,85,LOF,R,H
SCN5A,386,433,86,LOF,G,R
SCN11A,381,441,87,GOF,I,T
SCN5A,396,443,88,LOF,V,L
SCN10A,388,451,89,LOF,L,M
SCN4A,440,453,90,GOF,N,K
SCN9A,395,453,92,GOF,N,K
SCN5A,406,453,93,LOF,N,S
SCN2A,423,458,94,GOF,V,L
SCN4A,445,458,95,GOF,V,M
SCN5A,411,458,96,GOF,V,M
SCN9A,400,458,97,GOF,V,M
SCN1A,426,463,98,LOF,Y,N
SCN5A,458,525,99,GOF,R,C
SCN5A,551,645,100,LOF,A,T
SCN5A,567,661,102,LOF,L,Q
SCN5A,569,663,103,GOF,R,W
SCN10A,554,682,105,GOF,L,P
SCN5A,592,694,106,LOF,N,K
SCN9A,623,698,107,GOF,D,N
SCN5A,619,721,108,GOF,L,F
SCN5A,689,794,110,LOF,R,H
SCN9A,739,817,112,GOF,I,V
SCN2A,773,836,113,GOF,T,I
SCN8A,767,836,114,GOF,T,I
SCN5A,734,839,115,LOF,M,V
SCN5A,735,840,116,LOF,A,E
SCN5A,735,840,117,LOF,A,T
SCN5A,735,840,118,LOF,A,V
SCN1A,788,842,119,LOF,E,K
SCN1A,790,844,120,LOF,Y,C
SCN5A,746,851,121,LOF,E,K
SCN5A,752,857,122,LOF,G,R
SCN5A,785,890,126,LOF,D,N
SCN8A,822,891,127,LOF,G,R
SCN10A,756,915,129,LOF,R,W
SCN1A,859,915,130,LOF,R,H
SCN4A,669,915,131,LOF,R,H
SCN1A,859,915,132,LOF,R,C
SCN5A,808,915,133,LOF,R,C
SCN9A,826,906,134,GOF,F,Y
SCN4A,672,918,135,LOF,R,G
SCN4A,672,918,136,LOF,R,H
SCN5A,811,918,137,LOF,R,H
SCN3A,855,919,139,GOF,L,P
SCN5A,812,919,140,LOF,L,Q
SCN1A,865,921,141,GOF,R,G
SCN5A,817,924,144,LOF,K,E
SCN1A,875,931,145,LOF,T,M
SCN3A,875,939,146,GOF,I,T
SCN9A,848,928,147,GOF,I,T
SCN11A,699,944,148,GOF,G,R
SCN5A,839,946,149,LOF,L,P
SCN9A,856,936,150,GOF,G,D
SCN9A,856,936,151,GOF,G,R
SCN9A,858,938,152,GOF,L,F
SCN9A,858,938,153,GOF,L,H
SCN4A,704,950,154,GOF,T,M
SCN9A,863,943,155,GOF,A,P
SCN1A,902,958,156,LOF,F,C
SCN5A,851,958,157,LOF,F,L
SCN9A,872,952,158,GOF,V,G
SCN2A,899,964,159,LOF,G,S
SCN1A,909,965,160,LOF,M,K
SCN9A,875,955,161,GOF,Q,E
SCN10A,814,973,162,GOF,R,H
SCN2A,908,973,163,GOF,K,E
SCN9A,896,980,164,LOF,R,Q
SCN5A,879,996,165,LOF,W,R
SCN1A,939,1003,166,LOF,H,Q
SCN5A,890,1007,167,LOF,I,T
SCN5A,892,1009,168,LOF,F,I
SCN1A,946,1010,169,LOF,R,C
SCN2A,937,1010,170,LOF,R,C
SCN1A,946,1010,171,LOF,R,H
SCN2A,937,1010,172,LOF,R,H
SCN5A,901,1018,173,LOF,E,K
SCN1A,956,1020,174,LOF,M,T
SCN1A,959,1023,175,LOF,C,R
SCN5A,910,1027,176,LOF,S,L
SCN10A,867,1035,177,LOF,L,F
SCN1A,979,1045,178,LOF,G,R
SCN8A,964,1045,179,LOF,G,R
SCN5A,927,1046,180,LOF,N,S
SCN5A,928,1047,181,LOF,L,P
SCN1A,983,1049,182,LOF,V,A
SCN1A,985,1051,183,LOF,N,I
SCN1A,986,1052,184,LOF,L,F
SCN4A,796,1052,185,GOF,L,V
SCN5A,941,1060,186,GOF,S,N
SCN11A,816,1063,187,GOF,N,K
SCN2A,999,1075,188,GOF,E,K
SCN1A,1011,1078,189,LOF,N,I
SCN5A,965,1085,190,LOF,R,C
SCN5A,1023,1149,192,LOF,R,H
SCN10A,1102,1305,193,GOF,P,S
SCN5A,1103,1253,194,GOF,S,Y
SCN9A,1150,1314,196,GOF,W,R
SCN5A,1177,1328,197,GOF,P,L
SCN5A,1193,1344,199,LOF,R,Q
SCN5A,1218,1369,201,LOF,S,I
SCN5A,1225,1376,202,LOF,E,K
SCN5A,1232,1383,203,LOF,R,W
SCN1A,1267,1405,206,LOF,M,I
SCN5A,1262,1413,208,LOF,G,S
SCN5A,1294,1445,211,LOF,A,G
SCN5A,1295,1446,212,GOF,E,K
SCN9A,1279,1443,213,GOF,R,P
SCN5A,1304,1455,214,GOF,T,M
SCN2A,1312,1460,216,LOF,R,T
SCN11A,1158,1465,217,GOF,L,P
SCN2A,1319,1467,218,LOF,R,Q
SCN5A,1319,1470,219,LOF,G,V
SCN9A,1298,1462,220,GOF,V,F
SCN9A,1299,1463,221,GOF,V,F
SCN5A,1325,1476,222,GOF,N,S
SCN2A,1330,1478,223,LOF,L,F
SCN5A,1328,1479,224,GOF,V,M
SCN5A,1330,1481,225,GOF,A,P
SCN4A,1156,1481,226,GOF,A,T
SCN5A,1330,1481,227,GOF,A,T
SCN3A,1333,1483,228,GOF,P,L
SCN4A,1158,1483,229,GOF,P,L
SCN5A,1332,1483,230,GOF,P,L
SCN9A,1308,1472,231,GOF,P,L
SCN5A,1333,1484,233,GOF,S,Y
SCN2A,1336,1484,234,GOF,S,Y
SCN8A,1327,1485,235,GOF,I,V
SCN2A,1339,1487,236,GOF,N,D
SCN8A,1331,1489,237,GOF,L,V
SCN9A,1316,1480,239,GOF,V,A
SCN11A,1184,1491,240,GOF,V,A
SCN5A,1340,1491,241,LOF,V,I
SCN1A,1353,1491,242,LOF,V,L
SCN5A,1344,1495,243,LOF,F,S
SCN5A,1345,1496,244,LOF,W,C
SCN5A,1346,1497,245,LOF,L,P
SCN1A,1366,1504,246,LOF,V,I
SCN10A,1304,1508,248,GOF,A,T
SCN8A,1360,1518,249,LOF,T,N
SCN5A,1378,1530,250,LOF,V,M
SCN5A,1380,1532,251,LOF,N,K
SCN5A,1382,1534,252,LOF,S,I
SCN4A,1209,1536,253,LOF,C,F
SCN2A,1386,1536,254,LOF,C,R
SCN5A,1405,1559,255,LOF,V,L
SCN5A,1405,1559,256,LOF,V,M
SCN5A,1406,1560,257,LOF,G,E
SCN5A,1406,1560,258,LOF,G,R
SCN1A,1421,1562,259,LOF,G,W
SCN2A,1420,1571,260,LOF,T,M
SCN5A,1420,1574,261,LOF,G,R
SCN5A,1420,1574,262,LOF,G,V
SCN5A,1428,1582,263,LOF,A,S
SCN5A,1428,1582,264,LOF,A,V
SCN5A,1430,1584,265,LOF,D,N
SCN5A,1432,1586,266,LOF,R,G
SCN5A,1449,1603,267,LOF,Y,C
SCN5A,1461,1615,268,LOF,T,S
SCN4A,1293,1622,269,GOF,V,I
SCN2A,1473,1624,270,GOF,I,M
SCN4A,1297,1626,272,GOF,N,K
SCN4A,1297,1626,273,GOF,N,S
SCN4A,1298,1627,274,GOF,F,C
SCN5A,1473,1627,275,GOF,F,C
SCN5A,1473,1627,276,GOF,F,S
SCN9A,1449,1616,277,GOF,F,V
SCN5A,1475,1629,278,GOF,Q,P
SCN1A,1489,1630,279,GOF,Q,H
SCN1A,1489,1630,280,GOF,Q,K
SCN5A,1476,1630,281,GOF,Q,R
SCN4A,1306,1635,282,GOF,G,E
SCN8A,1475,1635,283,GOF,G,R
SCN1A,1498,1639,284,LOF,I,M
SCN4A,1310,1639,285,GOF,I,N
SCN9A,1461,1628,286,GOF,I,T
SCN5A,1486,1640,287,GOF,F,L
SCN1A,1499,1640,288,GOF,F,L
SCN1A,1500,1641,289,GOF,M,V
SCN4A,1313,1642,290,GOF,T,A
SCN4A,1313,1642,291,GOF,T,M
SCN9A,1464,1631,292,GOF,T,I
SCN3A,1486,1642,293,GOF,T,I
SCN8A,1491,1651,294,GOF,A,V
SCN5A,1506,1660,295,LOF,P,S
SCN5A,1512,1666,296,LOF,R,W
SCN1A,1525,1666,297,LOF,R,Q
SCN5A,1541,1695,298,LOF,N,D
SCN4A,1366,1695,299,GOF,N,S
SCN9A,1538,1705,301,GOF,W,R
SCN1A,1575,1716,302,GOF,R,C
SCN2A,1571,1722,303,GOF,I,T
SCN10A,1518,1724,304,LOF,V,I
SCN1A,1587,1728,305,LOF,E,K
SCN5A,1574,1728,306,LOF,E,K
SCN1A,1596,1737,307,LOF,R,C
SCN5A,1583,1737,308,LOF,R,C
SCN2A,1589,1740,309,GOF,Y,C
SCN2A,1597,1748,311,GOF,F,L
SCN5A,1595,1749,312,LOF,D,N
SCN1A,1611,1752,313,GOF,V,F
SCN5A,1609,1763,314,GOF,S,L
SCN1A,1624,1765,315,GOF,L,P
SCN4A,1442,1773,316,LOF,V,E
SCN1A,1632,1775,317,LOF,P,S
SCN2A,1622,1775,318,LOF,P,S
SCN2A,1623,1776,320,GOF,T,N
SCN5A,1620,1776,321,LOF,T,M
SCN3A,1621,1779,322,GOF,R,G
SCN3A,1621,1779,323,GOF,R,Q
SCN5A,1623,1779,324,GOF,R,Q
SCN8A,1617,1779,325,GOF,R,Q
SCN4A,1451,1782,326,LOF,R,C
SCN5A,1626,1782,327,GOF,R,P
SCN4A,1451,1782,328,LOF,R,L
SCN8A,1620,1782,329,LOF,R,L
SCN8A,1622,1784,330,GOF,A,D
SCN5A,1629,1785,331,LOF,R,Q
SCN4A,1454,1785,332,LOF,R,W
SCN5A,1631,1787,334,GOF,G,D
SCN9A,1607,1776,335,GOF,G,R
SCN5A,1632,1788,336,LOF,R,C
SCN4A,1457,1788,337,LOF,R,H
SCN9A,1612,1781,343,GOF,L,P
SCN10A,1588,1794,345,LOF,R,Q
SCN5A,1642,1798,346,LOF,G,E
SCN1A,1656,1799,347,LOF,I,M
SCN1A,1657,1800,348,LOF,R,C
SCN5A,1644,1800,349,LOF,R,C
SCN8A,1638,1800,350,LOF,R,C
SCN5A,1644,1800,351,GOF,R,H
SCN3A,1646,1804,352,GOF,F,C
SCN1A,1661,1804,353,GOF,F,L
SCN4A,1473,1804,355,GOF,F,S
SCN1A,1664,1807,356,LOF,M,K
SCN9A,1627,1796,357,GOF,M,K
SCN5A,1652,1808,358,GOF,M,R
SCN2A,1658,1811,359,LOF,P,S
SCN5A,1656,1812,360,GOF,A,D
SCN9A,1632,1801,361,GOF,A,E
SCN9A,1632,1801,362,GOF,A,G
SCN9A,1632,1801,363,GOF,A,T
SCN5A,1660,1816,365,LOF,I,V
SCN1A,1674,1817,366,LOF,G,R
SCN5A,1661,1817,367,LOF,G,R
SCN5A,1667,1823,368,GOF,V,I
SCN3A,1669,1827,370,LOF,Y,C
SCN1A,1685,1828,371,LOF,A,D
SCN1A,1685,1828,372,LOF,A,V
SCN5A,1672,1828,373,LOF,S,Y
SCN10A,1639,1845,375,LOF,D,N
SCN5A,1690,1846,376,LOF,D,N
SCN1A,1709,1852,377,LOF,T,I
SCN5A,1709,1865,378,LOF,T,M
SCN5A,1712,1868,379,LOF,G,C
SCN10A,1662,1868,380,GOF,G,S
SCN5A,1714,1870,381,LOF,D,G
SCN5A,1722,1878,382,LOF,N,D
SCN5A,1730,1886,383,LOF,P,H
SCN1A,1749,1892,384,LOF,G,E
SCN5A,1740,1897,385,LOF,G,R
SCN5A,1743,1900,386,LOF,G,R
SCN5A,1748,1905,387,LOF,G,D
SCN1A,1765,1908,388,LOF,F,L
SCN10A,1706,1913,389,GOF,I,V
SCN1A,1774,1917,390,GOF,F,S
SCN5A,1762,1919,391,GOF,I,A
SCN5A,1763,1920,392,GOF,V,M
SCN8A,1758,1921,393,LOF,V,A
SCN5A,1764,1921,394,GOF,V,M
SCN3A,1765,1923,395,GOF,M,I
SCN8A,1760,1923,396,GOF,M,I
SCN5A,1767,1924,398,GOF,Y,C
SCN5A,1768,1925,399,GOF,I,V
SCN9A,1746,1915,400,GOF,A,G
SCN2A,1773,1926,401,LOF,A,T
SCN3A,1769,1927,402,GOF,V,A
SCN5A,1774,1931,403,GOF,N,D
SCN8A,1768,1931,404,GOF,N,D
SCN5A,1787,1944,407,GOF,S,N
SCN5A,1795,1952,410,GOF,Y,C
SCN5A,1795,1952,411,LOF,Y,H
SCN2A,1803,1956,412,GOF,E,G
SCN4A,1633,1964,413,GOF,Q,E
SCN1A,1831,1974,414,LOF,F,S
SCN5A,1825,1982,415,LOF,L,P
SCN5A,1832,1989,416,LOF,Q,E
SCN5A,1850,2007,418,LOF,C,S
SCN1A,1866,2009,419,GOF,D,Y
SCN2A,1879,2032,420,GOF,M,T
SCN8A,1872,2035,421,GOF,R,L
SCN2A,1882,2035,422,GOF,R,G
SCN2A,1882,2035,423,GOF,R,Q
SCN8A,1872,2035,424,GOF,R,Q
SCN8A,1872,2035,425,GOF,R,W
SCN5A,1897,2054,427,LOF,R,W
SCN5A,1898,2055,428,LOF,R,C
SCN1A,1923,2066,429,LOF,Q,R
SCN1A,1927,2070,431,LOF,R,G
SCN1A,1934,2077,432,LOF,T,I
SCN10A,1886,2095,433,GOF,A,V
SCN5A,1968,2132,434,LOF,I,S
SCN5A,2004,2168,436,LOF,F,L
SCN5A,2006,2170,437,GOF,P,A
