y,gene,aa1,pos,aa2
LOF,SCN1A,N,1011,I
LOF,SCN1A,T,1174,S
LOF,SCN1A,V,1353,L
LOF,SCN1A,V,1366,I
LOF,SCN1A,M,145,T
GOF,SCN1A,Q,1489,K
GOF,SCN1A,L,1624,P
LOF,SCN1A,P,1632,S
LOF,SCN1A,L,1649,Q
LOF,SCN1A,I,1656,M
LOF,SCN1A,R,1657,C
LOF,SCN1A,M,1664,K
LOF,SCN1A,G,1674,R
LOF,SCN1A,A,1685,D
LOF,SCN1A,A,1685,V
LOF,SCN1A,T,1709,I
LOF,SCN1A,G,1749,E
LOF,SCN1A,F,1765,L
LOF,SCN1A,G,177,E
LOF,SCN1A,M,1852,T
LOF,SCN1A,Q,1923,R
LOF,SCN1A,R,1927,G
LOF,SCN1A,I,227,S
GOF,SCN1A,L,263,V
LOF,SCN1A,R,393,H
LOF,SCN1A,Y,426,N
LOF,SCN1A,Y,790,C
LOF,SCN1A,R,859,C
LOF,SCN1A,T,875,M
LOF,SCN1A,F,902,C
LOF,SCN1A,H,939,Q
LOF,SCN1A,R,946,C
LOF,SCN1A,R,946,H
LOF,SCN1A,M,956,T
LOF,SCN1A,C,959,R
LOF,SCN1A,G,979,R
LOF,SCN1A,V,983,A
LOF,SCN1A,L,986,F
LOF,SCN2A,R,1312,T
GOF,SCN2A,R,1319,Q
GOF,SCN2A,L,1330,F
GOF,SCN2A,I,1473,M
GOF,SCN2A,L,1563,V
GOF,SCN2A,Y,1589,C
GOF,SCN2A,F,1597,L
LOF,SCN2A,P,1622,S
GOF,SCN2A,R,1882,G
GOF,SCN2A,V,208,E
GOF,SCN2A,R,223,Q
GOF,SCN2A,M,252,V
GOF,SCN2A,V,261,M
GOF,SCN2A,A,263,V
GOF,SCN2A,V,423,L
GOF,SCN2A,T,773,I
LOF,SCN2A,G,899,S
GOF,SCN2A,K,908,E
LOF,SCN8A,E,1218,K
GOF,SCN8A,I,1327,V
LOF,SCN8A,G,1451,S
GOF,SCN8A,R,1617,Q
LOF,SCN8A,P,1719,R
GOF,SCN8A,N,1768,D
GOF,SCN8A,N,1768,D
GOF,SCN8A,R,1872,L
GOF,SCN8A,R,1872,Q
GOF,SCN8A,T,767,I
LOF,SCN8A,G,964,R
GOF,SCN8A,N,984,K
