id,gene,y,pheno,aa1,aa2,pos
2,SCN9A,GOF,IEM,Q,R,10
3,SCN2A,LOF,ASD,D,N,12
4,SCN5A,GOF,LQT3,R,W,18
5,SCN5A,LOF,BrS,R,H,27
8,SCN1A,LOF,EPI,E,D,78
9,SCN5A,LOF,BrS,D,N,84
10,SCN2A,LOF,ASD,D,G,82
11,SCN5A,LOF,BrS,F,S,93
12,SCN10A,LOF,AF,V,G,94
13,SCN4A,LOF,CMS,R,H,104
14,SCN5A,LOF,BrS,R,Q,104
15,SCN5A,LOF,BrS,R,W,104
17,SCN5A,LOF,BrS,R,W,121
18,SCN5A,LOF,BrS,A,D,124
19,SCN5A,GOF,LQT3,V,L,125
20,SCN5A,LOF,BrS,K,E,126
21,SCN5A,LOF,BrS,L,P,136
22,SCN8A,GOF,EPI,M,I,139
23,SCN4A,GOF,PMC,I,V,141
24,SCN9A,GOF,IEM,I,V,136
25,SCN1A,LOF,EPI,M,T,145
26,SCN5A,LOF,BrS,E,K,161
27,SCN10A,GOF,AF,Y,D,158
28,SCN5A,LOF,BrS,K,N,175
29,SCN5A,LOF,BrS,A,G,178
30,SCN1A,LOF,EPI,G,A,177
31,SCN1A,LOF,EPI,G,E,177
32,SCN5A,LOF,BrS,T,I,187
34,SCN4A,LOF,CMS,M,K,203
35,SCN2A,GOF,EPI,V,E,208
37,SCN9A,GOF,IEM,S,P,211
38,SCN11A,GOF,PPN,R,H,222
40,SCN9A,GOF,IEM,F,S,216
41,SCN8A,LOF,EPI,R,G,223
42,SCN5A,LOF,BrS,V,L,223
43,SCN4A,LOF,CMS,R,W,225
44,SCN5A,LOF,LQT3; BrS,R,W,225
45,SCN5A,GOF,LQT3,R,P,225
46,SCN5A,LOF,BrS,A,V,226
48,SCN1A,LOF,EPI,I,S,227
50,SCN9A,GOF,SFN,I,M,228
51,SCN2A,GOF,EPI,T,S,236
52,SCN9A,GOF,IEM,I,T,234
54,SCN9A,GOF,IEM,S,T,241
55,SCN10A,GOF,PPN,S,T,242
56,SCN3A,LOF,EPI,L,P,247
57,SCN1A,LOF,EPI,D,E,249
58,SCN1A,LOF,EPI,S,R,259
59,SCN2A,GOF,EPI,A,V,263
60,SCN1A,GOF,FHM,L,V,263
61,SCN8A,LOF,without,G,R,269
64,SCN5A,LOF,BrS,L,Q,276
65,SCN5A,LOF,BrS,R,H,282
66,SCN5A,LOF,BrS,R,C,282
67,SCN1A,LOF,EPI,T,I,297
68,SCN5A,LOF,BrS,L,R,325
69,SCN5A,LOF,BrS,C,R,335
70,SCN5A,LOF,BrS,P,L,336
71,SCN3A,GOF,EPI,K,Q,354
73,SCN4A,LOF,CMS,P,T,382
74,SCN5A,LOF,BrS,D,N,349
75,SCN5A,LOF,BrS,T,I,353
76,SCN5A,LOF,BrS,D,N,356
77,SCN5A,LOF,BrS,R,C,367
78,SCN2A,LOF,ASD,R,H,379
79,SCN5A,LOF,BrS,R,H,367
80,SCN5A,LOF,BrS,R,L,367
81,SCN5A,LOF,BrS,M,K,369
82,SCN5A,LOF,BrS,W,G,374
83,SCN5A,LOF,BrS,R,H,376
84,SCN8A,GOF,EPI,N,K,374
85,SCN1A,LOF,EPI,R,H,393
86,SCN5A,LOF,BrS,G,R,386
87,SCN11A,GOF,SFN,I,T,381
88,SCN5A,LOF,BrS,V,L,396
89,SCN10A,LOF,SUD,L,M,388
90,SCN4A,GOF,PMC; PAM,N,K,440
92,SCN9A,GOF,IEM,N,K,395
93,SCN5A,LOF,BrS,N,S,406
94,SCN2A,GOF,EPI,V,L,423
95,SCN4A,GOF,PMC,V,M,445
96,SCN5A,GOF,LQT3,V,M,411
97,SCN9A,GOF,IEM,V,M,400
98,SCN1A,LOF,EPI,Y,N,426
99,SCN5A,GOF,LQT3,R,C,458
100,SCN5A,LOF,BrS,A,T,551
102,SCN5A,LOF,BrS,L,Q,567
103,SCN5A,GOF,LQT3,R,W,569
105,SCN10A,GOF,PPN,L,P,554
106,SCN5A,LOF,BrS,N,K,592
107,SCN9A,GOF,SFN,D,N,623
108,SCN5A,GOF,LQT3,L,F,619
110,SCN5A,LOF,BrS,R,H,689
112,SCN9A,GOF,SFN,I,V,739
113,SCN2A,GOF,EPI,T,I,773
114,SCN8A,GOF,EPI,T,I,767
115,SCN5A,LOF,BrS,M,V,734
116,SCN5A,LOF,BrS,A,E,735
117,SCN5A,LOF,BrS,A,T,735
118,SCN5A,LOF,BrS,A,V,735
119,SCN1A,LOF,EPI,E,K,788
120,SCN1A,LOF,EPI,Y,C,790
121,SCN5A,LOF,BrS,E,K,746
122,SCN5A,LOF,BrS,G,R,752
126,SCN5A,LOF,BrS,D,N,785
127,SCN8A,LOF,without,G,R,822
129,SCN10A,LOF,SUD,R,W,756
130,SCN1A,LOF,EPI,R,H,859
131,SCN4A,LOF,HypoPP,R,H,669
132,SCN1A,LOF,EPI,R,C,859
133,SCN5A,LOF,BrS,R,C,808
134,SCN9A,GOF,IEM,F,Y,826
135,SCN4A,LOF,HypoPP,R,G,672
136,SCN4A,LOF,HypoPP,R,H,672
137,SCN5A,LOF,BrS,R,H,811
139,SCN3A,GOF,,L,P,855
140,SCN5A,LOF,BrS,L,Q,812
141,SCN1A,GOF,EPI,R,G,865
144,SCN5A,LOF,BrS,K,E,817
145,SCN1A,LOF,EPI,T,M,875
146,SCN3A,GOF,EPI/PMG,I,T,875
147,SCN9A,GOF,IEM,I,T,848
148,SCN11A,GOF,SFN,G,R,699
149,SCN5A,LOF,BrS,L,P,839
150,SCN9A,GOF,IEM; SFN,G,D,856
151,SCN9A,GOF,IEM,G,R,856
152,SCN9A,GOF,IEM,L,F,858
153,SCN9A,GOF,IEM,L,H,858
154,SCN4A,GOF,,T,M,704
155,SCN9A,GOF,IEM,A,P,863
156,SCN1A,LOF,EPI,F,C,902
157,SCN5A,LOF,BrS,F,L,851
158,SCN9A,GOF,IEM,V,G,872
159,SCN2A,LOF,EPI,G,S,899
160,SCN1A,LOF,EPI,M,K,909
161,SCN9A,GOF,IEM,Q,E,875
162,SCN10A,GOF,AF,R,H,814
163,SCN2A,GOF,EPI,K,E,908
164,SCN9A,LOF,CIP,R,Q,896
165,SCN5A,LOF,BrS,W,R,879
166,SCN1A,LOF,EPI,H,Q,939
167,SCN5A,LOF,BrS,I,T,890
168,SCN5A,LOF,BrS,F,I,892
169,SCN1A,LOF,EPI,R,C,946
170,SCN2A,LOF,ASD,R,C,937
171,SCN1A,LOF,EPI,R,H,946
172,SCN2A,LOF,ASD,R,H,937
173,SCN5A,LOF,BrS,E,K,901
174,SCN1A,LOF,EPI,M,T,956
175,SCN1A,LOF,EPI,C,R,959
176,SCN5A,LOF,BrS,S,L,910
177,SCN10A,LOF,SUD,L,F,867
178,SCN1A,LOF,EPI,G,R,979
179,SCN8A,LOF,without,G,R,964
180,SCN5A,LOF,BrS,N,S,927
181,SCN5A,LOF,BrS,L,P,928
182,SCN1A,LOF,EPI,V,A,983
183,SCN1A,LOF,EPI,N,I,985
184,SCN1A,LOF,EPI,L,F,986
185,SCN4A,GOF,PMC,L,V,796
186,SCN5A,GOF,LQT3,S,N,941
187,SCN11A,GOF,FEP,N,K,816
188,SCN2A,GOF,EPI,E,K,999
189,SCN1A,LOF,EPI,N,I,1011
190,SCN5A,LOF,BrS,R,C,965
192,SCN5A,LOF,BrS,R,H,1023
193,SCN10A,GOF,SUD,P,S,1102
194,SCN5A,GOF,LQT3,S,Y,1103
196,SCN9A,GOF,IEM,W,R,1150
197,SCN5A,GOF,LQT3,P,L,1177
199,SCN5A,LOF,LQT3; BrS,R,Q,1193
201,SCN5A,LOF,BrS,S,I,1218
202,SCN5A,LOF,LQT3; BrS,E,K,1225
203,SCN5A,LOF,BrS,R,W,1232
206,SCN1A,LOF,EPI,M,I,1267
208,SCN5A,LOF,BrS,G,S,1262
211,SCN5A,LOF,BrS,A,G,1294
212,SCN5A,GOF,LQT3,E,K,1295
213,SCN9A,GOF,PPN,R,P,1279
214,SCN5A,GOF,LQT3,T,M,1304
216,SCN2A,LOF,EPI,R,T,1312
217,SCN11A,GOF,SFN,L,P,1158
218,SCN2A,LOF,EPI,R,Q,1319
219,SCN5A,LOF,BrS,G,V,1319
220,SCN9A,GOF,PEPD,V,F,1298
221,SCN9A,GOF,PEPD,V,F,1299
222,SCN5A,GOF,LQT3,N,S,1325
223,SCN2A,LOF,EPI,L,F,1330
224,SCN5A,GOF,BrS,V,M,1328
225,SCN5A,GOF,LQT3,A,P,1330
226,SCN4A,GOF,,A,T,1156
227,SCN5A,GOF,LQT3,A,T,1330
228,SCN3A,GOF,EPI,P,L,1333
229,SCN4A,GOF,PAM,P,L,1158
230,SCN5A,GOF,LQT3,P,L,1332
231,SCN9A,GOF,IEM,P,L,1308
233,SCN5A,GOF,LQT3,S,Y,1333
234,SCN2A,GOF,EPI,S,Y,1336
235,SCN8A,GOF,EPI,I,V,1327
236,SCN2A,GOF,EPI,N,D,1339
237,SCN8A,GOF,EPI,L,V,1331
239,SCN9A,GOF,IEM,V,A,1316
240,SCN11A,GOF,PPN,V,A,1184
241,SCN5A,LOF,BrS,V,I,1340
242,SCN1A,LOF,EPI,V,L,1353
243,SCN5A,LOF,BrS,F,S,1344
244,SCN5A,LOF,BrS,W,C,1345
245,SCN5A,LOF,BrS,L,P,1346
246,SCN1A,LOF,EPI,V,I,1366
248,SCN10A,GOF,PPN,A,T,1304
249,SCN8A,LOF,without,T,N,1360
250,SCN5A,LOF,BrS,V,M,1378
251,SCN5A,LOF,BrS,N,K,1380
252,SCN5A,LOF,BrS,S,I,1382
253,SCN4A,LOF,CMS,C,F,1209
254,SCN2A,LOF,ASD,C,R,1386
255,SCN5A,LOF,BrS,V,L,1405
256,SCN5A,LOF,BrS,V,M,1405
257,SCN5A,LOF,BrS,G,E,1406
258,SCN5A,LOF,BrS,G,R,1406
259,SCN1A,LOF,EPI,G,W,1421
260,SCN2A,LOF,ASD,T,M,1420
261,SCN5A,LOF,BrS,G,R,1420
262,SCN5A,LOF,BrS,G,V,1420
263,SCN5A,LOF,BrS,A,S,1428
264,SCN5A,LOF,BrS,A,V,1428
265,SCN5A,LOF,BrS,D,N,1430
266,SCN5A,LOF,BrS,R,G,1432
267,SCN5A,LOF,BrS,Y,C,1449
268,SCN5A,LOF,BrS,T,S,1461
269,SCN4A,GOF,PMC,V,I,1293
270,SCN2A,GOF,EPI,I,M,1473
272,SCN4A,GOF,PMC,N,K,1297
273,SCN4A,GOF,PMC,N,S,1297
274,SCN4A,GOF,PAM,F,C,1298
275,SCN5A,GOF,LQT3,F,C,1473
276,SCN5A,GOF,LQT3,F,S,1473
277,SCN9A,GOF,IEM,F,V,1449
278,SCN5A,GOF,LQT3,Q,P,1475
279,SCN1A,GOF,FHM,Q,H,1489
280,SCN1A,GOF,FHM,Q,K,1489
281,SCN5A,GOF,LQT3,Q,R,1476
282,SCN4A,GOF,PAM,G,E,1306
283,SCN8A,GOF,EPI,G,R,1475
284,SCN1A,LOF,FHM,I,M,1498
285,SCN4A,GOF,PMC,I,N,1310
286,SCN9A,GOF,PEPD,I,T,1461
287,SCN5A,GOF,LQT3,F,L,1486
288,SCN1A,GOF,FHM,F,L,1499
289,SCN1A,GOF,FHM,M,V,1500
290,SCN4A,GOF,PMC,T,A,1313
291,SCN4A,GOF,PMC,T,M,1313
292,SCN9A,GOF,PEPD,T,I,1464
293,SCN3A,GOF,EPI/PMG,T,I,1486
294,SCN8A,GOF,EPI,A,V,1491
295,SCN5A,LOF,BrS,P,S,1506
296,SCN5A,LOF,BrS,R,W,1512
297,SCN1A,LOF,EPI,R,Q,1525
298,SCN5A,LOF,BrS,N,D,1541
299,SCN4A,GOF,PMC,N,S,1366
301,SCN9A,GOF,IEM,W,R,1538
302,SCN1A,GOF,EPI,R,C,1575
303,SCN2A,GOF,EPI,I,T,1571
304,SCN10A,LOF,SUD,V,I,1518
305,SCN1A,LOF,EPI,E,K,1587
306,SCN5A,LOF,BrS,E,K,1574
307,SCN1A,LOF,EPI,R,C,1596
308,SCN5A,LOF,BrS,R,C,1583
309,SCN2A,GOF,EPI,Y,C,1589
311,SCN2A,GOF,EPI,F,L,1597
312,SCN5A,LOF,PCCD; BrS,D,N,1595
313,SCN1A,GOF,EPI,V,F,1611
314,SCN5A,GOF,LQT3,S,L,1609
315,SCN1A,GOF,FHM,L,P,1624
316,SCN4A,LOF,CMS,V,E,1442
317,SCN1A,LOF,EPI,P,S,1632
318,SCN2A,LOF,EPI,P,S,1622
320,SCN2A,GOF,EPI,T,N,1623
321,SCN5A,LOF,BrS,T,M,1620
322,SCN3A,GOF,EPI/PMG,R,G,1621
323,SCN3A,GOF,EPI/PMG,R,Q,1621
324,SCN5A,GOF,LQT3,R,Q,1623
325,SCN8A,GOF,EPI,R,Q,1617
326,SCN4A,LOF,HypoPP,R,C,1451
327,SCN5A,GOF,LQT3,R,P,1626
328,SCN4A,LOF,PMC,R,L,1451
329,SCN8A,LOF,ASD,R,L,1620
330,SCN8A,GOF,ASD,A,D,1622
331,SCN5A,LOF,BrS,R,Q,1629
332,SCN4A,LOF,CMS,R,W,1454
334,SCN5A,GOF,LQT3,G,D,1631
335,SCN9A,GOF,PEPD,G,R,1607
336,SCN5A,LOF,BrS,R,C,1632
337,SCN4A,LOF,CMS,R,H,1457
343,SCN9A,GOF,PEPD,L,P,1612
345,SCN10A,LOF,AF,R,Q,1588
346,SCN5A,LOF,BrS,G,E,1642
347,SCN1A,LOF,EPI,I,M,1656
348,SCN1A,LOF,EPI,R,C,1657
349,SCN5A,LOF,BrS,R,C,1644
350,SCN8A,LOF,without,R,C,1638
351,SCN5A,GOF,LQT3,R,H,1644
352,SCN3A,GOF,EPI/PMG,F,C,1646
353,SCN1A,GOF,FHM,F,L,1661
355,SCN4A,GOF,PMC,F,S,1473
356,SCN1A,LOF,EPI,M,K,1664
357,SCN9A,GOF,PEPD,M,K,1627
358,SCN5A,GOF,LQT3,M,R,1652
359,SCN2A,LOF,EPI,P,S,1658
360,SCN5A,GOF,LQT3,A,D,1656
361,SCN9A,GOF,IEM; PEPD,A,E,1632
362,SCN9A,GOF,IEM,A,G,1632
363,SCN9A,GOF,IEM,A,T,1632
365,SCN5A,LOF,BrS,I,V,1660
366,SCN1A,LOF,EPI,G,R,1674
367,SCN5A,LOF,BrS,G,R,1661
368,SCN5A,GOF,LQT3,V,I,1667
370,SCN3A,LOF,ASD,Y,C,1669
371,SCN1A,LOF,EPI,A,D,1685
372,SCN1A,LOF,EPI,A,V,1685
373,SCN5A,LOF,BrS,S,Y,1672
375,SCN10A,LOF,SFN,D,N,1639
376,SCN5A,LOF,BrS,D,N,1690
377,SCN1A,LOF,EPI,T,I,1709
378,SCN5A,LOF,LQT3..BrS,T,M,1709
379,SCN5A,LOF,BrS,G,C,1712
380,SCN10A,GOF,SFN,G,S,1662
381,SCN5A,LOF,BrS,D,G,1714
382,SCN5A,LOF,BrS,N,D,1722
383,SCN5A,LOF,BrS,P,H,1730
384,SCN1A,LOF,EPI,G,E,1749
385,SCN5A,LOF,BrS,G,R,1740
386,SCN5A,LOF,BrS,G,R,1743
387,SCN5A,LOF,BrS,G,D,1748
388,SCN1A,LOF,EPI,F,L,1765
389,SCN10A,GOF,SFN,I,V,1706
390,SCN1A,GOF,FHM,F,S,1774
391,SCN5A,GOF,LQT3,I,A,1762
392,SCN5A,GOF,LQT3,V,M,1763
393,SCN8A,LOF,EPI,V,A,1758
394,SCN5A,GOF,LQT3,V,M,1764
395,SCN3A,GOF,EPI/PMG,M,I,1765
396,SCN8A,GOF,EPI,M,I,1760
398,SCN5A,GOF,LQT3,Y,C,1767
399,SCN5A,GOF,LQT3,I,V,1768
400,SCN9A,GOF,IEM,A,G,1746
401,SCN2A,LOF,EPI,A,T,1773
402,SCN3A,GOF,EPI,V,A,1769
403,SCN5A,GOF,LQT3,N,D,1774
404,SCN8A,GOF,EPI,N,D,1768
407,SCN5A,GOF,LQT3,S,N,1787
410,SCN5A,GOF,LQT3,Y,C,1795
411,SCN5A,LOF,BrS,Y,H,1795
412,SCN2A,GOF,EPI,E,G,1803
413,SCN4A,GOF,PAM,Q,E,1633
414,SCN1A,LOF,EPI,F,S,1831
415,SCN5A,LOF,LQT3,L,P,1825
416,SCN5A,LOF,BrS,Q,E,1832
418,SCN5A,LOF,BrS,C,S,1850
419,SCN1A,GOF,EPI,D,Y,1866
420,SCN2A,GOF,EPI,M,T,1879
421,SCN8A,GOF,EPI,R,L,1872
422,SCN2A,GOF,EPI,R,G,1882
423,SCN2A,GOF,EPI,R,Q,1882
424,SCN8A,GOF,EPI,R,Q,1872
425,SCN8A,GOF,EPI,R,W,1872
427,SCN5A,LOF,LQT3,R,W,1897
428,SCN5A,LOF,BrS,R,C,1898
429,SCN1A,LOF,EPI,Q,R,1923
431,SCN1A,LOF,EPI,R,G,1927
432,SCN1A,LOF,EPI,T,I,1934
433,SCN10A,GOF,AF,A,V,1886
434,SCN5A,LOF,BrS,I,S,1968
436,SCN5A,LOF,LQT3; BrS,F,L,2004
437,SCN5A,GOF,LQT3,P,A,2006
