FIRST	SECOND	SCORE
R	A	112
N	A	111
D	A	126
C	A	195
Q	A	91
E	A	107
G	A	60
H	A	86
I	A	94
L	A	96
K	A	106
M	A	84
F	A	113
P	A	27
S	A	99
T	A	58
W	A	148
Y	A	112
V	A	64
A	R	112
N	R	86
D	R	96
C	R	180
Q	R	43
E	R	54
G	R	125
H	R	29
I	R	97
L	R	102
K	R	26
M	R	91
F	R	97
P	R	103
S	R	110
T	R	71
W	R	101
Y	R	77
V	R	96
A	N	111
R	N	86
D	N	23
C	N	139
Q	N	46
E	N	42
G	N	80
H	N	68
I	N	149
L	N	153
K	N	94
M	N	142
F	N	158
P	N	91
S	N	46
T	N	65
W	N	174
Y	N	143
V	N	133
A	D	126
R	D	96
N	D	23
C	D	154
Q	D	61
E	D	45
G	D	94
H	D	81
I	D	168
L	D	172
K	D	101
M	D	160
F	D	177
P	D	108
S	D	65
T	D	85
W	D	181
Y	D	160
V	D	152
A	C	195
R	C	180
N	C	139
D	C	154
Q	C	154
E	C	170
G	C	159
H	C	174
I	C	198
L	C	198
K	C	202
M	C	196
F	C	205
P	C	169
S	C	112
T	C	149
W	C	215
Y	C	194
V	C	192
A	Q	91
R	Q	43
N	Q	46
D	Q	61
C	Q	154
E	Q	29
G	Q	87
H	Q	24
I	Q	109
L	Q	113
K	Q	53
M	Q	101
F	Q	116
P	Q	76
S	Q	68
T	Q	42
W	Q	130
Y	Q	99
V	Q	96
A	E	107
R	E	54
N	E	42
D	E	45
C	E	170
Q	E	29
G	E	98
H	E	40
I	E	134
L	E	138
K	E	56
M	E	126
F	E	140
P	E	93
S	E	80
T	E	65
W	E	152
Y	E	122
V	E	121
A	G	60
R	G	125
N	G	80
D	G	94
C	G	159
Q	G	87
E	G	98
H	G	98
I	G	135
L	G	138
K	G	127
M	G	127
F	G	153
P	G	42
S	G	56
T	G	59
W	G	184
Y	G	147
V	G	109
A	H	86
R	H	29
N	H	68
D	H	81
C	H	174
Q	H	24
E	H	40
G	H	98
I	H	94
L	H	99
K	H	32
M	H	87
F	H	100
P	H	77
S	H	89
T	H	47
W	H	115
Y	H	83
V	H	84
A	I	94
R	I	97
N	I	149
D	I	168
C	I	198
Q	I	109
E	I	134
G	I	135
H	I	94
L	I	5
K	I	102
M	I	10
F	I	21
P	I	95
S	I	142
T	I	89
W	I	61
Y	I	33
V	I	29
A	L	96
R	L	102
N	L	153
D	L	172
C	L	198
Q	L	113
E	L	138
G	L	138
H	L	99
I	L	5
K	L	107
M	L	15
F	L	22
P	L	98
S	L	145
T	L	92
W	L	61
Y	L	36
V	L	32
A	K	106
R	K	26
N	K	94
D	K	101
C	K	202
Q	K	53
E	K	56
G	K	127
H	K	32
I	K	102
L	K	107
M	K	95
F	K	102
P	K	103
S	K	121
T	K	78
W	K	110
Y	K	85
V	K	97
A	M	84
R	M	91
N	M	142
D	M	160
C	M	196
Q	M	101
E	M	126
G	M	127
H	M	87
I	M	10
L	M	15
K	M	95
F	M	28
P	M	87
S	M	135
T	M	81
W	M	67
Y	M	36
V	M	21
A	F	113
R	F	97
N	F	158
D	F	177
C	F	205
Q	F	116
E	F	140
G	F	153
H	F	100
I	F	21
L	F	22
K	F	102
M	F	28
P	F	114
S	F	155
T	F	103
W	F	40
Y	F	22
V	F	50
A	P	27
R	P	103
N	P	91
D	P	108
C	P	169
Q	P	76
E	P	93
G	P	42
H	P	77
I	P	95
L	P	98
K	P	103
M	P	87
F	P	114
S	P	74
T	P	38
W	P	147
Y	P	110
V	P	68
A	S	99
R	S	110
N	S	46
D	S	65
C	S	112
Q	S	68
E	S	80
G	S	56
H	S	89
I	S	142
L	S	145
K	S	121
M	S	135
F	S	155
P	S	74
T	S	58
W	S	177
Y	S	144
V	S	124
A	T	58
R	T	71
N	T	65
D	T	85
C	T	149
Q	T	42
E	T	65
G	T	59
H	T	47
I	T	89
L	T	92
K	T	78
M	T	81
F	T	103
P	T	38
S	T	58
W	T	128
Y	T	92
V	T	69
A	W	148
R	W	101
N	W	174
D	W	181
C	W	215
Q	W	130
E	W	152
G	W	184
H	W	115
I	W	61
L	W	61
K	W	110
M	W	67
F	W	40
P	W	147
S	W	177
T	W	128
Y	W	37
V	W	88
A	Y	112
R	Y	77
N	Y	143
D	Y	160
C	Y	194
Q	Y	99
E	Y	122
G	Y	147
H	Y	83
I	Y	33
L	Y	36
K	Y	85
M	Y	36
F	Y	22
P	Y	110
S	Y	144
T	Y	92
W	Y	37
V	Y	55
A	V	64
R	V	96
N	V	133
D	V	152
C	V	192
Q	V	96
E	V	121
G	V	109
H	V	84
I	V	29
L	V	32
K	V	97
M	V	21
F	V	50
P	V	68
S	V	124
T	V	69
W	V	88
Y	V	55
